# productId	printed
G3033212	NXP-003
G3569062	DNP-024
G3569141	NX-281
G8892381	NXP-005
G8903747	DN-108T
G8903748	DN-109T
G8903749	DN-110T
G8903750	DN-111T
G8903751	DN-112T
G8903752	DN-113T
G8903753	DN-114T
G8903754	DN-115T
G8903755	DN-116T
G8903756	DN-117T
G8903757	DN-118T
G8903758	DN-119T
G8903759	DN-120T
G8903760	DN-121T
G8903761	DN-122T
G8903762	DN-123T
G8903763	DN-124T
G8903764	DN-125T
G8903765	DN-126T
G8903766	DN-127T
G8903767	DN-128T
G8903768	DN-129T
G8903769	DN-130T
G8903770	DN-131T
G8903771	DN-132T
G8903772	DN-133T
G8903773	DN-134T
G8903774	DN-135T
G8903775	DN-136T
G8903776	DN-137T
G8903777	DN-138T
G8903778	DN-139T
G8903779	DN-140T
G8903780	DN-141T
G8903781	DN-142T
G8903782	DN-143T
G8903783	DN-144T
G8903784	DN-145T
G8903785	DN-146T
G8903786	DN-147T
G8903787	DN-148T
G8903788	DN-149T
G8903789	DN-150T
G8903790	DN-151T
G8903791	DN-152T
G8903792	DN-153T
G8903793	DN-154T
G8903794	DN-155T
G8903795	DN-156T
G8903796	DN-157T
G8903797	DN-158T
G8903798	DN-159T
G8903799	DN-160T
G8903800	DN-161T
G8903801	DN-162T
G8903802	DN-163T
G8903803	DN-164T
G8903804	DN-165T
G8903805	DN-166T
G8903806	DN-167T
G8903807	DN-168T
G8903808	DN-169T
G8903809	DN-170T
G8903810	DN-171T
G8903811	DN-172T
G8903812	DN-173T
G8903813	DN-174T
G8903814	DN-175T
G8903815	DN-176T
G8903816	DN-177T
G8903817	DN-178T
G8903818	DN-179T
G8903819	DN-180T
G8903820	DN-181T
G8903821	DN-182T
G8903822	DN-183T
G8903823	DN-184T
G8903824	DN-185T
G8903825	DN-186T
G8903826	DN-187T
G8903827	DN-188T
G8903828	DN-189T
G8903829	DN-190T
G8903830	DN-191T
G8903831	DN-192T
G8903832	DN-193T
G8903833	DN-194T
G8903834	DN-195T
G8903835	DN-196T
G8903836	DN-197T
G8903837	DN-198T
G8903838	DN-199T
G8903839	DN-200T
G8903840	DN-201T
G8903841	DN-202T
G8903842	DN-203T
G8903843	DN-204T
G8903844	DN-205T
G8903845	DN-206T
G8903846	DN-207T
G8903847	DN-208T
G8903848	DN-209T
G8903849	DN-210T
G8903850	DN-211T
G8903851	DN-212T
G8903852	DN-213T
G8903853	DN-214T
G8903854	DN-215T
G8903855	DN-216T
G8903856	DN-217T
G8903857	DN-218T
G8903858	DN-219T
G8903859	DN-220T
G8903860	DN-221T
G8903861	DN-222T
G8903862	DN-223T
G8903863	DN-224T
G8903864	DN-225T
G8903865	DN-226T
G8903866	DN-227T
G8903867	DN-228T
G8903868	DN-229T
G8903869	DN-230T
G8903870	DN-231T
G8903871	DN-232T
G8903872	DN-233T
G8903873	DN-234T
G8903874	DN-235T
G8903875	DN-236T
G8903876	DN-237T
G8903877	DN-238T
G8903878	DN-239T
G8903879	DN-240T
G8903880	DN-241T
G8903881	DN-242T
G8903882	DN-243T
G8903883	DN-244T
G8903884	DN-245T
G8903885	DN-246T
G8903886	DN-247T
G8903887	DN-248T
G8903888	DN-249T
G8903889	NM-001
G8903890	NM-002
G8903891	NM-003
G8903892	NM-004
G8903893	NM-005
G8903894	NM-006
G8903895	NM-007
G8903896	NM-008
G8903897	NM-009
G8903898	NM-010
G8903899	NM-011
G8903900	NM-012
G8903901	NM-013
G8903902	NM-014
G8903903	NM-015
G8903904	NM-016
G8903905	NM-017
G8903906	NM-018
G8903907	NM-019
G8903908	NM-020
G8903909	NM-021
G8903910	NM-022
G8903911	NM-023
G8903912	NM-024
G8903913	NM-025
G8903914	NM-026
G8903915	NM-027
G8903916	NM-028
G8903917	NM-029
G8903918	NM-030
G8903919	NM-031
G8903920	NM-032
G8903921	NM-033
G8903922	NM-034
G8903923	NM-035
G8903924	NM-036
G8903925	NM-037
G8903926	NM-038
G8903927	NM-039
G8903928	NM-040
G8903929	NM-041
G8903930	NM-042
G8903931	NM-043
G8903932	NM-044
G8903933	NM-045
G8903934	NM-046
G8903935	NM-047
G8903936	NM-048
G8903937	NM-049
G8903938	NM-050
G8903939	NM-051
G8903940	NM-052
G8903941	NM-053
G8903942	NM-054
G8903943	NM-055
G8903944	NM-056
G8903945	NM-057
G8903946	NM-058
G8903947	NM-059
G8903948	NM-060
G8903949	NM-061
G8903950	NM-062
G8903951	NM-063
G8903952	NM-064
G8903953	NM-065
G8903954	NM-066
G8903955	NM-067
G8903956	NM-068
G8903957	NM-069
G8903958	NM-070
G8903959	NM-071
G8903960	NM-072
G8903961	NM-073
G8903962	NM-074
G8903963	NM-075
G8903964	NM-076
G8903965	NM-077
G8903966	NM-078
G8903967	NM-079
G8903968	NM-080
G8903969	NM-081
G8903970	NM-082
G8903971	NM-083
G8903972	NM-084
G8903973	NM-085
G8903974	NM-086
G8903975	NM-087
G8903976	NM-088
G8903977	NM-089
G8903978	NM-090
G8903979	NM-091
G8903980	NM-092
G8903981	NM-093
G8903982	NM-094
G8903983	NM-095
G8903984	NM-096
G8903985	NM-097
G8903986	NM-098
G8903987	NM-099
G8903988	NM-100
G8903989	NM-101
G8903990	NM-102
G8903991	NM-103
G8903992	NM-104
G8903993	NM-105
G8903994	NM-106
G8903995	NM-107
G8903996	NM-108
G8903997	NM-109
G8903998	NM-110
G8903999	NM-111
G8904010	NM-122
G8904011	NM-123
G8904012	NM-124
G8904014	NM-126
G8904021	NM-133
G8904025	NM-137
G8904026	NM-138
G8904027	NM-139
G8904030	NM-142
G8904031	NM-143
G8904032	NM-144
G8904033	NM-145
G8904035	NM-147
G8904036	NM-148
G8904037	NM-149
G8904040	NM-152
G8904041	NM-153
G8904042	NM-154
G8904043	NM-155
G8904044	NM-156
G8904045	NM-157
G8904046	NM-158
G8904047	NM-159
G8904048	NM-160
G8904049	NM-161
G8904050	NM-162
G8904051	NM-163
G8904052	NM-164
G8904056	NM-168
G8904058	NM-170
G8904060	NM-172
G8904062	NM-174
G8904063	NM-175
G8904064	NM-176
G8904065	NM-177
G8904066	NM-178
G8904068	NM-180
G8904069	NM-181
G8904070	NM-182
G8904072	NM-184
G8904074	NM-186
G8904091	NC-016
G8904097	NC-022
G8904108	NM-001
G8904110	NM-009
G8904112	NM-013
G8904113	NM-035
G8904114	NM-037
G8904115	NM-043
G8904116	NM-044
G8904118	NM-063
G8904120	NM-082
G8904121	NM-085
G8904122	NM-121
G8904126	DMP-000J
G8904128	DMP-001
G8904129	DMP-002
G8904130	DMP-003
G8904131	DMP-004
G8904132	DMP-005
G8904133	DMP-006
G8904134	DMP-007
G8904135	DMP-008
G8904136	DMP-009
G8904137	DMP-010
G8904139	DMP-012
G8904140	DMP-013
G8904142	DMP-015
G8904143	DMP-016
G8904144	DMP-017
G8904145	DMP-018
G8922300	NM-112
G8922301	NM-113
G8922302	NM-114
G8922303	NM-115
G8922304	NM-116
G8922305	NM-117
G8922306	NM-118
G8922307	NM-119
G8922308	NM-120
G8922309	NM-121
G9007542	DN-001T
G9007543	DN-002T
G9007544	DN-003T
G9007545	DN-004T
G9007546	DN-005T
G9007547	DN-006T
G9007548	DN-007T
G9007549	DN-008T
G9007550	DN-009T
G9007551	DN-010T
G9007552	DN-011T
G9007553	DN-012T
G9007554	DN-013T
G9007555	DN-014T
G9007556	DN-015T
G9007557	DN-016T
G9007558	DN-017T
G9007559	DN-018T
G9007560	DN-019T
G9007561	DN-020T
G9007562	DN-021T
G9007563	DN-022T
G9007564	DN-023T
G9007565	DN-024T
G9007566	DN-025T
G9007567	DN-026T
G9007568	DN-027T
G9007569	DN-028T
G9007570	DN-029T
G9007571	DN-030T
G9007572	DN-031T
G9007573	DN-032T
G9007574	DN-033T
G9007575	DN-034T
G9007576	DN-035T
G9007577	DN-036T
G9007578	DN-037T
G9007579	DN-038T
G9007580	DN-039T
G9007581	DN-040T
G9007582	DN-041T
G9007583	DN-042T
G9007584	DN-043T
G9007585	DN-044T
G9007586	DN-045T
G9007587	DN-046T
G9007588	DN-047T
G9007589	DN-048T
G9007590	DN-049T
G9007591	DN-050T
G9007592	DNP-001
G9007593	DNP-002
G9007594	DNP-003
G9007595	DNP-004
G9007596	DNP-005
G9007597	DNP-006
G9007598	DNP-007
G9007599	DNP-008
G9007600	DNP-009
G9007601	DNP-010
G9007602	DNP-011
G9007603	DNP-012
G9007604	DNP-013
G9008358	DN-051T
G9008359	DN-052T
G9008360	DN-053T
G9008361	DN-054T
G9008362	DN-055T
G9008363	DN-056T
G9008364	DN-057T
G9008365	DN-058T
G9008366	DN-059T
G9008367	DN-060T
G9008368	DN-061T
G9008369	DN-062T
G9008370	DN-063T
G9008371	DN-064T
G9008372	DN-065T
G9008788	DNP-014
G9008789	DNP-015
G9008790	DNP-016
G9008791	DNP-017
G9008792	DNP-018
G9008894	DN-066T
G9008895	DN-067T
G9008896	DN-068T
G9008897	DN-069T
G9008898	DN-070T
G9008899	DN-071T
G9008900	DN-072T
G9008901	DN-073T
G9008902	DN-074T
G9008903	DN-075T
G9008904	DN-076T
G9008905	DN-077T
G9008906	DN-078T
G9008907	DN-079T
G9008908	DN-080T
G9008909	DN-081T
G9008910	DN-082T
G9009815	DN-083T
G9009816	DN-084T
G9009817	DN-085T
G9009818	DN-086T
G9009819	DN-087T
G9009820	DN-088T
G9009821	DN-089T
G9009822	DN-090T
G9009823	DN-091T
G9009824	DN-092T
G9009825	DN-093T
G9009826	DN-094T
G9009827	DN-095T
G9009828	DN-096T
G9009829	DN-097T
G9009830	DN-098T
G9009831	DN-099T
G9009832	DN-100T
G9009833	DN-101T
G9009834	DN-102T
G9009835	DN-103T
G9009836	DN-104T
G9009837	DN-105T
G9009838	DN-106T
G9009839	DN-107T
GG256438	NFP-019
GG456698	NFP-018
GG594245	NM-188
GG594246	NM-189
GG594247	NM-190
GG594248	NM-191
GG594249	NM-192
GG594250	NM-194
GG594251	NM-195
GG594252	NM-196
GG594253	NM-197
GG594254	NM-198
GG594255	NM-199
GG594256	NM-200
GG594257	NM-201
GG594258	NM-202
GG594259	NM-203
GG594260	NM-204
GG594261	NM-205
GG594262	NM-206
GG594263	NM-207
GG594264	NM-210
GG594265	NM-211
GG594266	NM-212
GG594267	NM-213
GG594268	NM-214
GG594269	NM-215
GG594270	NM-216
GG594271	NM-217
GG594272	NM-218
GG594273	NM-219
GG594274	NM-220
GG594275	NM-221
GG594276	NM-222
GG594277	NM-223
GG594278	NM-224
GG594279	NM-225
GG594280	NM-226
GG594281	NM-228
GG594282	NM-230
GG594283	NM-231
GG594284	NM-232
GG594285	NM-233
GG594286	NM-234
GG594287	NM-235
GG594288	NM-236
GG594289	NM-237
GG594290	NF-068
GG594291	NX-081
GG594292	NX-308
GG738380	NM-193
GG738381	NM-208
GG738382	NM-209
GG738383	NM-227
GG738384	NM-229
GG862375	DN-25T
GG862376	DN-25T
GG932910	DN-045T
GL126840	DN-005T
GL271391	NFP-001
GL344226	NF-234
GL344227	NF-335
GL344228	NX-183
GL344229	NFP-005
GL344231	NFP-007
GL344235	NF-103
GL344237	NF-105
GL344238	NF-106
GL344239	NF-107
GL344240	NF-108
GL344241	NF-109
GL344244	NF-112
GL344245	NF-113
GL344248	NF-116
GL344249	NF-117
GL344251	NF-119
GL344252	NF-120
GL344254	NF-122
GL344255	NF-123
GL344256	NF-124
GL344257	NF-125
GL344258	NF-126
GL344259	NF-127
GL344260	NF-128
GL344261	NF-129
GL344263	NF-131
GL344264	NF-132
GL344266	NF-134
GL344268	NF-136
GL344270	NF-138
GL344272	NF-140
GL344274	NF-142
GL344275	NF-143
GL344276	NF-144
GL344277	NF-145
GL344278	NF-146
GL344280	NF-148
GL344281	NF-149
GL344282	NF-150
GL344286	NF-154
GL344289	NF-157
GL344290	NF-158
GL344291	NF-159
GL344292	NF-160
GL344293	NF-161
GL344296	NF-164
GL344297	NF-165
GL344298	NF-166
GL344299	NF-167
GL344302	NF-170
GL344303	NF-171
GL344304	NF-172
GL344305	NF-173
GL344306	NF-174
GL344307	NF-175
GL344308	NF-176
GL344309	NF-177
GL344310	NF-178
GL344311	NF-179
GL344312	NF-180
GL344313	NF-181
GL344314	NF-182
GL344316	NF-184
GL344317	NF-185
GL344320	NF-188
GL344321	NF-189
GL344324	NF-192
GL344326	NF-194
GL344332	NFM-003
GL411553	NX-MAC-004
GL411554	NXPF-001
GL411555	NXPF-002
GL411556	NXPF-003
GL411557	NXPF-004
GL411558	NXPF-005
GL411559	NXPF-006
GL411560	NXPF-007
GL411561	NXPF-008
GL411562	NX-001
GL411563	NX-002
GL411564	NX-003
GL411565	NX-004
GL411566	NX-005
GL411567	NX-006
GL411568	NX-007
GL411569	NX-008
GL411570	NX-009
GL411571	NX-010
GL411572	NX-011
GL411573	NX-012
GL411574	NX-013
GL411575	NX-014
GL411576	NX-015
GL411577	NX-016
GL411578	NX-017
GL411579	NX-018
GL411580	NX-019
GL411581	NX-020
GL411582	NX-021
GL411583	NX-022
GL411584	NX-023
GL411585	NX-024
GL411586	NX-025
GL411587	NX-026
GL411588	NX-027
GL411589	NX-028
GL411590	NX-029
GL411591	NX-030
GL411592	NX-031
GL411593	NX-032
GL411594	NX-035
GL411595	NX-036
GL411596	NX-037
GL411597	NX-038
GL411598	NX-039
GL411599	NX-040
GL411600	NX-041
GL411601	NX-042
GL411602	NX-043
GL411603	NX-044
GL411604	NX-045
GL411605	NX-046
GL411606	NX-047
GL411607	NX-048
GL411608	NX-049
GL411609	NX-050
GL411610	NX-051
GL411611	NX-052
GL411612	NX-053
GL411613	NX-054
GL411614	NX-055
GL411615	NX-056
GL411616	NX-057
GL411617	NX-058
GL411618	NX-059
GL411619	NX-060
GL411620	NX-061
GL411621	NX-062
GL411622	NX-063
GL411623	NX-064
GL411624	NX-065
GL411625	NX-066
GL411626	NX-068
GL411627	NX-070
GL411628	NX-071
GL411629	NX-072
GL411630	NX-073
GL411631	NX-074
GL411632	NX-075
GL411633	NX-076
GL411634	NX-077
GL411635	NX-078
GL411636	NX-079
GL411637	NX-080
GL411638	NX-082
GL411639	NX-084
GL411640	NX-085
GL411641	NX-087
GL411642	NX-089
GL411643	NX-090
GL411644	NX-091
GL411645	NX-092
GL411646	NX-093
GL411647	NX-094
GL411648	NX-095
GL411649	NX-096
GL411650	NX-097
GL411651	NX-098
GL411652	NX-099
GL411653	NX-100
GL411654	NX-101
GL411655	NX-102
GL411656	NX-103
GL411657	NX-104
GL411658	NX-105
GL411659	NX-106
GL411660	NX-107
GL411661	NX-108
GL411662	NX-109
GL411663	NX-110
GL411664	NX-111
GL411665	NX-112
GL411666	NX-113
GL411667	NX-114
GL411668	NX-115
GL411669	NX-116
GL411670	NX-117
GL411671	NX-118
GL411672	NX-119
GL411673	NX-120
GL411674	NX-121
GL411675	NX-122
GL411676	NX-123
GL411677	NX-124
GL411678	NX-125
GL411679	NX-126
GL411680	NX-127
GL411681	NX-128
GL411682	NX-129
GL411683	NX-130
GL411684	NX-131
GL411685	NX-132
GL411686	NX-133
GL411687	NX-134
GL411688	NX-135
GL411689	NX-136
GL411690	NX-137
GL411691	NX-138
GL411692	NX-139
GL411693	NX-140
GL411694	NX-141
GL411695	NX-143
GL411696	NX-144
GL411697	NX-146
GL411698	NX-147
GL411699	NX-148
GL411700	NX-150
GL411701	NX-151
GL411702	NX-152
GL411703	NX-154
GL411704	NX-156
GL411705	NX-159
GL411706	NX-163
GL411707	NX-164
GL411708	NX-165
GL411709	NX-167
GL411710	NX-168
GL411711	NX-169
GL411712	NX-171
GL411713	NX-174
GL411714	NX-175
GL411715	NX-177
GL411716	NX-178
GL411717	NX-179
GL411718	NX-181
GL411719	NX-182
GL411720	NX-185
GL411721	NX-186
GL411722	NX-187
GL411723	NX-188
GL411725	NX-204
GL411726	NX-222
GL411727	NX-223
GL411728	NX-235
GL411729	NX-238
GL411730	NX-239
GL411731	NX-242
GL411732	NX-244
GL411733	NX-245
GL411734	NX-248
GL411735	NX-249
GL411736	NX-250
GL411737	NX-256
GL411738	NX-258
GL411739	NX-259
GL411740	NX-263
GL411741	NX-264
GL411742	NX-270
GL411743	NX-271
GL411744	NX-272
GL411745	NX-273
GL411746	NX-276
GL411747	NX-284
GL411748	NX-289
GL411749	NX-290
GL411750	NX-291
GL411751	NX-296
GL411752	NX-303
GL411753	NF-002
GL411754	NF-004
GL411755	NF-008
GL411756	NF-010
GL411757	NF-014
GL411758	NF-015
GL411759	NF-017
GL411760	NF-019
GL411761	NF-022
GL411762	NF-024
GL411763	NF-025
GL411764	NF-026
GL411765	NF-027
GL411766	NF-028
GL411767	NF-029
GL411768	NF-032
GL411769	NF-033
GL411770	NF-034
GL411771	NF-035
GL411772	NF-036
GL411773	NF-037
GL411774	NF-043
GL411775	NF-047
GL411776	NF-059
GL411777	NF-061
GL411778	NF-065
GL411779	NF-070
GL411780	NF-075
GL411781	NF-077
GL411782	NF-079
GL411783	NF-080
GL411784	NF-081
GL411785	NF-083
GL411786	NF-084
GL411787	NF-085
GL411788	NF-086
GL411789	NF-093
GL411790	NF-095
GL411791	NF-098
GL411792	NF-099
GL411793	NFP-014
GL411794	NF-198
GL411795	NF-199
GL411796	NF-200
GL411797	NF-203
GL411798	NF-204
GL411799	NF-211
GL411800	NF-213
GL411801	NF-214
GL411802	NF-215
GL411803	NF-217
GL411804	NF-222
GL411805	NF-223
GL411806	NF-229
GL411807	NF-230
GL411808	NF-233
GL411809	NF-235
GL411810	NF-258
GL411811	NF-276
GL411812	NF-283
GL411813	NF-286
GL411814	NF-287
GL411815	NF-288
GL411816	NFF-008
GL411817	NFC-016
GL411818	NFM-004
GL411819	NFM-005
GL731002	NF-067
GL731003	NF-068
GL731006	NF-114
GL731008	NF-209
GL731009	NF-258
GN422634	NX-231
GN843757	NXP-002
GU167186	NFP-009
GU448764	NXP-009
GU608648	NF-247
GU613870	NF-331
GU613871	NX-033
GU613872	NX-067
GU613873	NX-069
GU613874	NX-083
GU613875	NX-086
GU613876	NX-088
GU613877	NX-142
GU613878	NX-145
GU613879	NX-149
GU613880	NX-153
GU613881	NX-155
GU613882	NX-157
GU613883	NX-158
GU613884	NX-160
GU613885	NX-161
GU613886	NX-162
GU613887	NX-166
GU613888	NX-170
GU613889	NX-173
GU613890	NX-176
GU613891	NX-184
GU613892	NX-189
GU613893	NX-192
GU613894	NX-193
GU613895	NX-198
GU613896	NX-201
GU613898	NX-203
GU613899	NX-207
GU613900	NX-215
GU613901	NX-219
GU613902	NX-220
GU613903	NX-224
GU613904	NX-229
GU613905	NX-237
GU613906	NX-243
GU613907	NX-260
GU613908	NX-261
GU613909	NX-266
GU613910	NX-269
GU613911	NX-274
GU613912	NX-275
GU613913	NX-279
GU613914	NX-292
GU613915	NX-316
GU743791	VJCF-2009
GU757663	NX-034
GU757664	NX-202
GU757665	NX-213
GU762306	NF-012
GU774057	NF-225
GU774058	NF-239
GU782596	NF-262
GU782597	NF-303
GU819525	NX-236
GU836084	NF-269
GU836086	NF-293
GU847678	NF-231
G8904076	NC-001
G8904077	NC-002
G8904078	NC-003
G8904079	NC-004
G8904080	NC-005
G8904081	NC-006
G8904082	NC-007
G8904083	NC-008
G8904084	NC-009
G8904085	NC-010
G8904087	NC-012
G8904088	NC-013
G8904089	NC-014
G8904090	NC-015
G8904092	NC-017
G8904093	NC-018
G8904094	NC-019
G8904095	NC-020
G8904096	NC-021
G8904098	NC-023
G8904099	NC-024
G8904100	NC-025
G8904101	NC-026
G8904102	NC-027
G8904103	NC-028
G8904104	NC-029
G8904105	NC-030
G8904106	NC-031
G8904107	NC-032
G8904109	NM-005
G8904111	NM-011
G8904117	NM-050
G8904119	NM-064
G8904123	NM-123
G8904124	CAN-001
GG594293	NX-CAM-001
GG594294	NX-CAM-002
GG594295	NX-CAM-003
GG594296	NX-CAM-004
G6835705	NXP-SP-I
GG357395	NXP-SP-II
GL411724	NX-SP-I
GU608646	NFM-SP
GU613897	NX-SP-III
GL731000	NF-055
GU661687	NFP-010
GU819523	NX-194
GL344230	NFP-006
GL731007	NF-115
GU819522	NXP-006
GL748876	NFP-017
G8904015	NM-127
