G8645948	忍-22
G8645949	忍-86
G8645950	忍-100
G8645951	忍-129
G8645952	忍-135
G8645953	忍-144
G8645954	忍-145
G8645955	忍-147
G8645956	作-138
G8645957	術-110
G8859390	PR忍-10
G8859392	作-119
G8859393	作-135
G8859394	作-52
G8859395	作-73
G8859396	術-131
G8859397	術-135
G8859398	術-149
G8859399	術-79
G8859400	忍-166
G8859401	忍-172
G8859402	忍-203
G8870159	忍-202
G8870160	術-34
G8870161	作-178
GG074405	PR作-10
GG329078	作-273
GG329079	術-294
GG329080	忍-126
GG594465	術-211
GG594466	術-328
GG594467	忍-365
GG644324	忍-333
GG644325	忍-339
GG644326	術-17
GG644327	作-234
GG644328	騎-2
GG786335	忍-278
GG936721	作-267
GG976426	作-207
GL116944	忍-201
GL124291	忍-2
GL124292	忍-20
GL124293	忍-26
GL124294	忍-26
GL124295	忍-62
GL124296	忍-68
GL124297	忍-116
GL124298	忍-119
GL124299	忍-137
GL124300	忍-155
GL124301	忍-188
GL124302	忍-225
GL124303	忍-236
GL124304	忍-257
GL124305	忍-260
GL124306	忍-261
GL124307	忍-263
GL124308	忍-326
GL124309	忍-383
GL124310	作-8
GL124311	作-9
GL124312	作-21
GL124313	作-27
GL124314	作-41
GL124315	作-43
GL124316	作-44
GL124317	作-48
GL124318	作-58
GL124319	作-62
GL124320	作-68
GL124321	作-68
GL124322	作-71
GL124323	作-72
GL124324	作-78
GL124325	作-87
GL124326	作-90
GL124327	作-95
GL124328	作-114
GL124329	作-121
GL124330	作-139
GL124331	作-151
GL124332	作-154
GL124333	作-177
GL124334	作-188
GL124335	作-204
GL124336	作-211
GL124337	作-212
GL124338	作-213
GL124339	作-216
GL124340	作-223
GL124341	作-224
GL124342	作-245
GL124343	作-245
GL124344	作-257
GL124346	術-2
GL124347	術-10
GL124348	術-10
GL124349	術-19
GL124350	術-20
GL124351	術-21
GL124352	術-29
GL124353	術-29
GL124354	術-36
GL124355	術-40
GL124356	術-48
GL124357	術-58
GL124358	術-68
GL124359	術-70
GL124360	術-72
GL124361	術-72
GL124362	術-95
GL124363	術-127
GL124364	術-130
GL124365	術-171
GL124366	術-212
GL124367	術-215
GL124368	術-217
GL124369	術-280
GL124370	術-297
GL124601	PR作-3
GL124602	PR作-15
GL124603	PR作-20
GL124604	PR作-21
GL124605	PR作-1-R
GL124606	PR作-2-R
GL124607	PR作-3-R
GL124608	PR忍-5-R
GL124609	PR忍-6-R
GL124610	PR忍-9
GL124611	PR忍-12
GL168516	忍-122
GL194230	作-7
GL194231	作-143
GL194232	作-164
GL194233	作-231
GL194234	術-103
GL194235	術-128
GL194236	術-161
GL194237	忍-5
GL194238	忍-114
GL194239	忍-125
GL194240	忍-140
GL194241	忍-141
GL217866	忍-42
GL217867	忍-112
GL217868	忍-176
GL217869	術-165
GL238776	作-5
GL238777	作-157
GL238778	作-190
GL238779	作-248
GL238780	PR作-17
GL238781	術-100
GL238782	術-168
GL238783	術-175
GL238784	術-175
GL238785	術-210
GL238786	忍-87
GL238787	忍-164
GL238788	忍-204
GL238789	忍-250
GL238790	忍-251
GL238791	忍-279
GL238792	忍-289
GL238793	忍-306
GL271390	術-259
GL280773	忍-127
GL314573	作-268
GL314574	作-277
GL314575	作-305
GL314576	作-307
GL314577	作-308
GL314578	術-277
GL314579	術-289
GL314580	術-339
GL314581	術-353
GL314582	術-360
GL314583	忍-325
GL341515	忍-64
GL362899	作-115
GL362900	作-129
GL362901	術-123
GL386454	作-157
GL398668	PR作-6
GL398669	PR作-7
GL398670	PR作-8
GL398671	PR作-9
GL398672	PR忍-11
GL398673	作-321
GL398674	作-70
GL398675	忍-128
GL398676	忍-130
GL398677	忍-101
GL398678	忍-152
GL398679	忍-176
GL398680	忍-177
GL398681	忍-305
GL398682	術-109
GL398683	術-14
GL398684	術-5
GL398685	術-7
GL398686	術-73
GL398687	忍-153
GL398688	忍-373
GL406636	PR作-2
GL406637	PR忍-5
GL406638	PR忍-6
GL406639	作-13
GL406640	作-16
GL406641	作-23
GL406642	作-25
GL406643	作-30
GL406644	作-40
GL406645	作-53
GL406646	作-59
GL406647	作-63
GL406648	作-64
GL406649	作-66
GL406650	作-69
GL406651	作-76
GL406652	作-79
GL406653	作-82
GL406654	作-93
GL406655	作-96
GL406656	作-103
GL406657	作-106
GL406658	作-115
GL406659	作-116
GL406660	作-118
GL406661	作-126
GL406662	作-132
GL406663	作-134
GL406664	作-137
GL406665	作-149
GL406666	作-153
GL406667	作-156
GL406668	作-159
GL406669	作-162
GL406670	作-163
GL406671	作-179
GL406672	作-180
GL406673	作-181
GL406674	作-183
GL406675	作-187
GL406676	作-191
GL406677	作-192
GL406678	作-193
GL406679	作-194
GL406680	作-195
GL406681	作-196
GL406682	作-197
GL406683	作-198
GL406684	作-201
GL406685	作-206
GL406686	作-214
GL406687	作-215
GL406688	作-217
GL406689	作-219
GL406690	作-220
GL406691	作-221
GL406692	作-222
GL406693	作-226
GL406694	作-227
GL406695	作-228
GL406696	作-229
GL406697	作-229
GL406698	作-230
GL406699	作-232
GL406700	作-234
GL406701	作-235
GL406702	作-239
GL406703	作-240
GL406704	作-241
GL406705	作-244
GL406706	作-246
GL406707	作-249
GL406708	作-250
GL406709	作-251
GL406710	作-256
GL406711	作-259
GL406712	作-260
GL406713	作-261
GL406714	作-262
GL406715	作-279
GL406716	作-282
GL406717	作-312
GL406718	作-315
GL406719	作-317
GL406720	作-318
GL406721	術-12
GL406722	術-42
GL406723	術-46
GL406724	術-60
GL406725	術-62
GL406726	術-66
GL406727	術-67
GL406728	術-71
GL406729	術-74
GL406730	術-75
GL406731	術-76
GL406732	術-78
GL406733	術-82
GL406734	術-83
GL406735	術-86
GL406736	術-88
GL406737	術-92
GL406738	術-93
GL406739	術-102
GL406740	術-104
GL406741	術-112
GL406742	術-113
GL406743	術-114
GL406744	術-123
GL406745	術-124
GL406746	術-126
GL406747	術-127
GL406748	術-144
GL406749	術-150
GL406750	術-156
GL406751	術-161
GL406752	術-162
GL406753	術-173
GL406754	術-190
GL406755	術-191
GL406756	術-193
GL406757	術-194
GL406758	術-195
GL406759	術-196
GL406760	術-199
GL406761	術-199
GL406762	術-203
GL406763	術-203
GL406764	術-208
GL406765	術-209
GL406766	術-213
GL406767	術-214
GL406768	術-221
GL406769	術-223
GL406770	術-223
GL406771	術-225
GL406772	術-228
GL406773	術-229
GL406774	術-230
GL406775	術-230
GL406776	術-231
GL406777	術-235
GL406778	術-236
GL406779	術-236
GL406780	術-237
GL406781	術-239
GL406782	術-241
GL406783	術-242
GL406784	術-245
GL406785	術-247
GL406786	術-249
GL406787	術-250
GL406788	術-255
GL406789	術-259-a
GL406790	術-259-b
GL406791	術-268
GL406792	術-274
GL406793	術-275
GL406794	術-298
GL406795	術-299
GL406796	術-301
GL406797	術-302
GL406798	術-303
GL406799	術-304
GL406800	術-324
GL406801	術-330
GL406802	術-331
GL406803	術-332
GL406804	術-334
GL406805	術-335
GL406806	術-336
GL406807	術-341
GL406808	忍-7
GL406809	忍-12
GL406810	忍-13
GL406811	忍-25
GL406812	忍-38
GL406813	忍-52
GL406814	忍-55
GL406815	忍-73
GL406816	忍-74
GL406817	忍-75
GL406818	忍-76
GL406819	忍-77
GL406820	忍-84
GL406821	忍-89
GL406822	忍-90
GL406823	忍-91
GL406824	忍-93
GL406825	忍-95
GL406826	忍-103
GL406827	忍-110
GL406828	忍-113
GL406829	忍-124
GL406830	忍-125
GL406831	忍-138
GL406832	忍-148
GL406833	忍-149
GL406834	忍-154
GL406835	忍-158
GL406836	忍-163
GL406837	忍-167
GL406838	忍-186
GL406839	忍-193
GL406840	忍-205
GL406841	忍-207
GL406842	忍-208
GL406843	忍-209
GL406844	忍-211
GL406845	忍-213
GL406846	忍-214
GL406847	忍-216
GL406848	忍-218
GL406849	忍-230
GL406850	忍-231
GL406851	忍-232
GL406852	忍-233
GL406853	忍-234
GL406854	忍-235
GL406855	忍-239
GL406856	忍-240
GL406857	忍-241
GL406858	忍-242
GL406859	忍-243
GL406860	忍-245
GL406861	忍-247
GL406862	忍-248
GL406863	忍-249
GL406864	忍-252
GL406865	忍-264
GL406866	忍-265
GL406867	忍-269
GL406868	忍-270
GL406869	忍-291
GL406870	忍-292
GL406871	忍-293
GL406872	忍-295
GL406873	忍-304
GL406874	忍-330
GL406875	忍-335
GL406876	忍-337
GL406877	忍-368
GL406878	忍-374
GL406879	忍-385
GL406880	忍-387
GL406881	忍-388
GL406882	依-1
GL406883	依-2
GL406884	依-3
GL406885	依-25
GL406886	依-33
GL406887	依-35
GL406888	依-41
GL406889	依-42
GL406890	騎-3
GL406891	騎-4
GL406892	騎-5
GL406893	騎-6
GL406894	騎-7
GL406895	騎-8
GL410559	作-3
GL410560	作-5
GL410561	作-8
GL410562	作-10
GL410563	作-14
GL410564	作-15
GL410565	作-18
GL410566	作-21
GL410567	術-4
GL410568	術-13
GL410569	術-22
GL410571	忍-3
GL410572	忍-10
GL410573	忍-11
GL410574	忍-12
GL410575	忍-13
GL410576	忍-17
GL410577	忍-19
GL410578	忍-20
GL410579	忍-21
GL410580	忍-24
GL410581	作-25
GL410582	作-30
GL410583	作-31
GL410584	作-32
GL410585	作-35
GL410586	作-42
GL410587	術-26
GL410588	術-30
GL410589	術-36
GL410590	術-39
GL410591	術-42
GL410592	忍-30
GL410593	忍-37
GL410594	忍-38
GL410595	忍-40
GL410596	忍-41
GL410597	作-45
GL410598	作-47
GL410599	作-51
GL410600	作-53
GL410601	作-59
GL410602	術-43
GL410603	術-48
GL410604	術-53
GL410605	術-54
GL410606	術-55
GL410607	術-57
GL410608	術-60
GL410609	忍-44
GL410610	忍-52
GL410611	忍-55
GL410612	忍-56
GL410613	忍-58
GL410614	忍-59
GL410615	作-74
GL410616	作-80
GL410617	作-83
GL410618	術-71
GL410619	術-76
GL410620	術-82
GL410621	術-83
GL410622	忍-67
GL410623	忍-69
GL410624	忍-70
GL410625	忍-71
GL410626	忍-72
GL410627	忍-83
GL410628	忍-84
GL410629	作-98
GL410630	術-87
GL410631	忍-85
GL410632	忍-106
GL410633	忍-107
GL410634	依-11
GL410635	術-159
GL410636	忍-160
GL410637	忍-161
GL445205	作-204
GL591785	術-98
GL591786	術-106
GL591787	術-117
GL591788	術-120
GL591789	術-77
GL591790	術-119
GL591791	術-136
GL591792	術-146
GL591793	術-35
GL591794	術-155
GL591795	術-158
GL591796	依-10
GL591797	依-13
GL591798	忍-37
GL591799	忍-98
GL591800	忍-136
GL591801	忍-139
GL591802	忍-146
GL591803	忍-157
GL591804	忍-165
GL591805	依-4
GL591806	作-102
GL591807	作-118
GL591808	作-128
GL591809	作-146
GL591810	作-167
GL600975	忍-2
GL609506	依-23
GL609507	忍-22
GL609508	忍-108
GL609509	忍-109
GL609510	忍-111
GL609511	忍-200
GL609512	作-37
GL609513	作-92
GL625077	作-190
GL625078	作-190
GL625079	作-190
GL627123	忍-127
GL627124	忍-172
GL636810	忍-1
GL636811	忍-4
GL636812	忍-6
GL636813	忍-8
GL636814	忍-9
GL636815	忍-14
GL636816	忍-15
GL636817	忍-16
GL636818	忍-18
GL636819	忍-23
GL636820	術-1
GL636821	術-3
GL636822	術-6
GL636823	術-8
GL636824	術-9
GL636825	術-11
GL636826	術-15
GL636827	術-16
GL636828	術-18
GL636829	術-23
GL636830	術-24
GL636831	作-1
GL636832	作-2
GL636833	作-4
GL636834	作-6
GL636835	作-11
GL636836	作-12
GL636837	作-17
GL636838	作-19
GL636839	作-20
GL636840	作-22
GL636841	忍-27
GL636842	忍-28
GL636843	忍-29
GL636844	忍-31
GL636845	忍-32
GL636846	忍-33
GL636847	忍-34
GL636848	忍-35
GL636849	忍-36
GL636850	忍-39
GL636851	忍-43
GL636852	術-25
GL636853	術-27
GL636854	術-28
GL636855	術-31
GL636856	術-32
GL636857	術-33
GL636858	術-37
GL636859	術-38
GL636860	術-41
GL636861	作-24
GL636862	作-26
GL636863	作-28
GL636864	作-29
GL636865	作-33
GL636866	作-34
GL636867	作-36
GL636868	作-38
GL636869	作-39
GL636870	忍-45
GL636871	忍-46
GL636872	忍-47
GL636873	忍-48
GL636874	忍-49
GL636875	忍-50
GL636876	忍-51
GL636877	忍-53
GL636878	忍-54
GL636879	忍-57
GL636880	忍-60
GL636881	術-44
GL636882	術-45
GL636883	術-47
GL636884	術-49
GL636885	術-50
GL636886	術-51
GL636887	術-52
GL636888	術-56
GL636889	術-59
GL636890	作-46
GL636891	作-49
GL636892	作-50
GL636893	作-54
GL636894	作-55
GL636895	作-56
GL636896	作-57
GL636897	作-60
GL636898	忍-78
GL636899	忍-79
GL636900	忍-80
GL636901	忍-81
GL636902	忍-82
GL636903	術-69
GL636904	術-80
GL636905	術-81
GL636906	術-84
GL636907	術-84
GL636908	作-67
GL636909	作-75
GL636910	作-77
GL636911	作-81
GL636912	作-84
GL636913	依-5
GL636914	依-6
GL636915	依-7
GL636916	忍-88
GL636917	忍-92
GL636918	忍-94
GL636919	忍-96
GL636920	忍-97
GL636921	忍-99
GL636922	忍-102
GL636923	忍-104
GL636924	忍-105
GL636925	術-85
GL636926	術-89
GL636927	術-90
GL636928	術-91
GL636929	術-94
GL636930	術-96
GL636931	術-97
GL636932	術-99
GL636933	術-101
GL636934	術-105
GL636935	作-85
GL636936	作-86
GL636937	作-88
GL636938	作-89
GL636939	作-91
GL636940	作-94
GL636941	作-95
GL636942	作-97
GL636943	作-99
GL636944	作-100
GL636945	作-101
GL636946	作-104
GL636947	作-105
GL636948	依-8
GL636949	依-9
GL636950	忍-118
GL636951	忍-120
GL636952	忍-121
GL636953	忍-123
GL636954	忍-131
GL636955	忍-132
GL636956	忍-133
GL636957	忍-134
GL636958	術-111
GL636959	術-111
GL636960	術-115
GL636961	術-116
GL636962	術-118
GL636963	術-121
GL636964	術-122
GL636965	術-125
GL636966	作-117
GL636967	作-119
GL636968	作-120
GL636969	作-122
GL636970	作-123
GL636971	作-124
GL636972	作-125
GL636973	作-127
GL636974	作-130
GL636975	作-131
GL636976	依-12
GL636977	依-14
GL636978	忍-142
GL636979	忍-143
GL636980	忍-150
GL636981	忍-151
GL636982	術-129
GL636983	術-132
GL636984	術-133
GL636985	術-134
GL636986	術-137
GL636987	術-138
GL636988	術-139
GL636989	術-140
GL636990	術-141
GL636991	術-142
GL636992	術-143
GL636993	作-133
GL636994	作-136
GL636995	作-140
GL636996	作-141
GL636997	作-142
GL636998	作-144
GL636999	作-145
GL637000	作-147
GL637001	作-148
GL637002	作-150
GL637003	依-15
GL637004	依-16
GL637005	依-17
GL637006	忍-156
GL637007	忍-159
GL637008	忍-162
GL637009	忍-168
GL637010	忍-169
GL637011	忍-170
GL637012	忍-171
GL637013	術-145
GL637014	術-147
GL637015	術-148
GL637016	術-151
GL637017	術-152
GL637018	術-153
GL637019	術-154
GL637020	術-157
GL637021	術-160
GL637022	作-152
GL637023	作-155
GL637024	作-158
GL637025	作-160
GL637026	作-161
GL637027	作-165
GL637028	作-166
GL637029	作-168
GL637030	依-18
GL637031	依-19
GL637032	忍-187
GL637033	忍-189
GL637034	忍-190
GL637035	忍-191
GL637036	忍-192
GL637037	忍-194
GL637038	忍-195
GL637039	忍-196
GL637040	忍-197
GL637041	忍-198
GL637042	忍-199
GL637043	術-174
GL637044	術-176
GL637045	術-177
GL637046	術-177
GL637047	術-178
GL637048	術-179
GL637049	術-180
GL637050	術-181
GL637051	術-182
GL637052	術-183
GL637053	術-184
GL637054	術-185
GL637055	術-186
GL637056	術-187
GL637057	術-188
GL637058	術-189
GL637059	作-174
GL637060	作-175
GL637061	作-176
GL637062	作-182
GL637063	作-184
GL637064	作-185
GL637065	作-186
GL637066	作-189
GL637067	依-26
GL637068	忍-206
GL637069	忍-210
GL637070	忍-212
GL637071	忍-215
GL637072	忍-217
GL637073	忍-219
GL637074	忍-220
GL637075	忍-221
GL637076	忍-222
GL637077	忍-223
GL637078	術-192
GL637079	術-192
GL637080	術-197
GL637081	術-198
GL637082	術-200
GL637083	術-201
GL637084	術-202
GL637085	術-202
GL637086	術-204
GL637087	術-205
GL637088	術-206
GL637089	術-207
GL637090	作-199
GL637091	作-200
GL637092	作-200
GL637093	作-202
GL637094	作-203
GL637095	作-205
GL637096	作-205
GL637097	依-27
GL637098	依-28
GL637099	依-29
GL637100	忍-237
GL637101	忍-238
GL637102	忍-244
GL637103	忍-246
GL637104	忍-253
GL637105	忍-254
GL637106	術-216
GL637107	術-218
GL637108	術-219
GL637109	術-220
GL637110	術-220
GL637111	術-222
GL637112	術-224
GL637113	術-226
GL637114	術-227
GL637115	術-232
GL637116	作-225
GL637117	作-233
GL637118	作-233
GL637119	依-30
GL637120	依-31
GL637121	忍-255
GL637122	忍-256
GL637123	忍-258
GL637124	忍-259
GL637125	忍-262
GL637126	忍-266
GL637127	忍-267
GL637128	忍-268
GL637129	忍-271
GL637130	忍-272
GL637131	忍-273
GL637132	術-232
GL637133	術-233
GL637134	術-233
GL637135	術-234
GL637136	術-238
GL637137	術-238
GL637138	術-240
GL637139	術-243
GL637140	術-244
GL637141	術-244
GL637142	術-246
GL637143	術-248
GL637144	術-248
GL637145	術-251
GL637146	作-236
GL637147	作-237
GL637148	作-237
GL637149	作-238
GL637150	作-242
GL637151	作-243
GL637152	作-247
GL637153	依-32
GL637154	忍-288
GL637155	忍-290
GL637156	忍-294
GL637157	忍-296
GL637158	忍-297
GL637159	忍-298
GL637160	忍-299
GL637161	忍-300
GL637162	忍-301
GL637163	忍-302
GL637164	忍-303
GL637165	術-256
GL637166	術-257
GL637167	術-258
GL637168	術-260
GL637169	術-261
GL637170	術-262
GL637171	術-262
GL637172	術-263
GL637173	術-264
GL637174	術-264
GL637175	術-265
GL637176	術-266
GL637177	術-267
GL637178	術-268
GL637179	術-269
GL637180	術-269
GL637181	術-270
GL637182	術-270
GL637183	術-271
GL637184	術-272
GL637185	術-273
GL637186	作-255
GL637187	作-255
GL637188	作-258
GL637189	作-263
GL637190	作-264
GL637191	作-265
GL637192	作-266
GL637193	作-267
GL637196	依-34
GL637197	依-36
GL651211	作-107
GL651212	作-218
GL651213	術-254
GL685029	忍-346
GL685030	忍-375
GL685031	忍-389
GL685032	忍-390
GL685033	忍-391
GL685034	忍-392
GL685035	作-322
GL685036	術-342
GL685037	術-343
GL685097	術-103
GL723985	忍-115
GL723986	忍-42
GL734885	術-4
GL734886	術-26
GL734887	術-30
GL734888	忍-30
GL734889	作-51
GL734890	作-83
GL751905	術-110
GL751906	術-114
GL751907	忍-41
GL751908	忍-69
GL751909	忍-121
GL756463	依-37
GL756464	PR忍-1
GL756465	忍-4
GL756466	忍-8
GL756467	忍-149
GL756468	忍-193
GL756469	忍-150
GL756470	忍-218
GL756471	忍-216
GL756472	忍-227
GL756473	忍-229
GL756474	忍-239
GL756475	忍-246
GL756476	忍-328
GL756477	忍-329
GL756478	忍-336
GL756479	忍-340
GL756480	忍-341
GL756481	忍-342
GL756482	忍-343
GL756483	忍-13
GL756484	忍-17
GL756485	忍-27
GL756486	忍-28
GL756487	忍-29
GL756488	忍-31
GL756489	忍-36
GL756490	忍-38
GL756491	忍-40
GL756492	忍-64
GL759355	OP忍-1
GL759356	忍-36
GL759357	忍-69
GL759358	忍-74
GL759359	忍-96
GL759360	忍-99
GL759361	忍-175
GL759362	忍-185
GL759363	術-41
GL759364	術-45
GL759365	術-61
GL759366	術-102
GL759367	術-104
GL759368	術-163
GL759369	術-164
GL759370	術-167
GL759371	術-213
GL759372	依-21
GL759373	依-24
GL809560	忍-306
GL809561	忍-250
GL809562	忍-128
GL809563	忍-129
GL809564	忍-83
GL883146	忍-275
GN136702	忍-43
GN255947	術-262
GN431390	忍-17
GN431391	忍-40
GN431392	忍-74
GN431393	忍-91
GN431394	忍-103
GN431395	忍-104
GN431396	忍-105
GN431397	忍-111
GN431398	忍-181
GN431399	忍-182
GN431400	忍-183
GN431401	忍-188
GN431402	忍-190
GN431403	忍-209
GN431404	忍-229
GN431405	忍-260
GN431406	忍-261
GN431407	忍-298
GN431408	忍-326
GN431409	忍-366
GN431410	忍-367
GN431411	依-12
GN431412	術-10
GN431413	術-49
GN431414	術-185
GN431415	術-322
GN431416	術-323
GN431417	作-106
GN431418	作-295
GN431419	作-303
GN431420	作-304
GN459778	忍-58
GN486152	術-166
GN486153	忍-178
GN486154	忍-179
GN486155	術-326
GN510739	忍-82
GN510740	忍-229
GN510741	作-98
GN510742	忍-226
GN510743	作-210
GN629159	忍-63
GN751191	忍-17
GN751192	忍-24
GN751193	忍-94
GN751194	術-195
GN816063	忍-203
GN829755	忍-277
GN859336	忍-314
GN859337	忍-316
GN859338	忍-318
GN859342	忍-334
GN874356	忍-251
GN874357	術-34
GN874358	術-149
GU112659	作-272
GU112660	作-276
GU112661	術-285
GU112662	作-291
GU112663	作-302
GU112664	術-309
GU112665	忍-344
GU481280	作-208
GU481281	忍-227
GU481282	忍-94
GU520946	忍-173
GU520947	術-7
GU520948	術-62
GU520949	術-105
GU520951	術-170
GU520952	作-111
GU520953	作-112
GU520954	作-113
GU520955	作-171
GU520956	作-173
GU574285	術-49
GU574286	術-51
GU574287	術-52
GU574288	術-264
GU579678	忍-412
GU579679	作-226
GU587886	作-255
GU587887	忍-305
GU587889	忍-258
GU587890	忍-255
GU587891	忍-220
GU587892	忍-202
GU587893	術-79
GU591126	忍-221
GU641921	忍-129
GU655991	作-36
GU716122	忍-30
GU716123	忍-61
GU716124	忍-64
GU716125	術-54
GU716126	忍-356
GU716127	忍-358
GU716128	忍-364
GU716129	忍-376
GU716130	忍-378
GU716131	忍-382
GU716132	忍-384
GU716133	作-296
GU782589	忍-347
GU782590	忍-354
GU782591	術-305
GU782592	忍-414
GU806932	忍-162
GU824599	作-315
GU826168	術-34
GU836056	術-300
GU839407	作-288
GU845200	術-103
GU845201	術-128
GU845202	術-128
GU845203	術-169
GU845204	術-279
GU845205	術-288
GU845206	術-315
GU845207	術-317
GU845208	作-26
GU845209	作-43
GU845210	作-170
GU845211	作-228
GU845212	作-280
GU845213	作-298
GU845214	作-300
GU845215	作-301
GU845216	作-301
GU845217	忍-182
GU845218	忍-183
GU845219	忍-184
GU845220	忍-274
GU845221	忍-275
GU845222	忍-348
GU845223	忍-355
GU845224	OP忍-4
GU848277	術-66
GU848278	作-54
GU855601	術-13
GU855602	術-53
GU855603	術-95
GU859072	術-126
GU861287	術-255
GU866762	作-193
GU866763	作-279
GU866764	作-282
GU867453	忍-218
GU867454	忍-262
GU867455	術-106
GU872398	作-278
GU872399	術-281
GU872400	術-295
GU872401	忍-327
GU872402	PR忍-17
GL124345	作-267	アニメ系トレカ/NARUTO-ナルト-　カードゲーム　作-267[MEMORIAL]：決着の時
GG936720	COIN-9
GL818531	忍-1-a
GL818532	忍-2-a
GL818533	忍-3-a
GL818534	忍-11-a
