602308643	忍伝-2	忍伝-207[ノーマル]：忍伝-207/奈良ヨシノ
G8868292	作伝-055	作伝-055[ノーマル]：作伝-055/追憶
G8868293	作伝-058	作伝-058[ノーマル]：作伝-058/決意の涙
G8868294	術伝-154	術伝-154[ノーマル]：術伝-154/短縮修業法
G8868295	術伝-156	アニメ系トレカ/レア/NARUTO　疾風伝　CARDGAME　第七幕　「紅き烈風の絆　編」　術伝-156[レア]：術伝-156/咆哮
G8868296	術伝-163	術伝-163[ノーマル]：術伝-163/水遁滝壺の術
G8868297	術伝-168	アニメ系トレカ/ノーマル/NARUTO　疾風伝　CARDGAME　第七幕　「紅き烈風の絆　編」　術伝-168[ノーマル]：術伝-168/カウンター
G8868298	忍伝-205	忍伝-205[ノーマル]：忍伝-205/犬塚ハナ
G8868299	忍伝-207	忍伝-207[ノーマル]：忍伝-207/奈良ヨシノ
GG594482	忍伝-030	アニメ系トレカ/シークレットレア/忍/NARUTO　疾風伝　CARDGAME　忍伝-030[シークレットレア]：うずまきナルト＆春野サクラ
GG594483	忍伝-055	アニメ系トレカ/ウルトラレア/忍/NARUTO　疾風伝　CARDGAME　忍伝-055[ウルトラレア]：うちはイタチ
GG594484	忍伝-128	忍伝-128[レア]：シズネ
GG594485	忍伝-146	アニメ系トレカ/ウルトラレア/忍/NARUTO　疾風伝　CARDGAME　第五幕　～再会、忌まわしき写輪眼!編～　忍伝-146[ウルトラレア]：春野サクラ
GG594486	忍伝-168	アニメ系トレカ/シークレットレア/忍/NARUTO　疾風伝　CARDGAME　忍伝-168[シークレットレア]：うちはサスケ
GG594487	忍伝-188	アニメ系トレカ/ウルトラレア/忍/NARUTO　疾風伝　CARDGAME　忍伝-188[ウルトラレア]：綱手
GG594488	忍伝-191	アニメ系トレカ/シークレットレア/忍/NARUTO　疾風伝　CARDGAME　忍伝-191[シークレットレア]：うずまきナルト＆自来也
GG594489	忍伝-225	アニメ系トレカ/シークレットレア/忍/NARUTO　疾風伝　CARDGAME　忍伝-225[シークレットレア]：うずまきナルト
GL124371	忍伝-006	アニメ系トレカ/レア/NARUTO　疾風伝　CARDGAME　忍伝-006[レア]：綱手
GL124372	忍伝-012	アニメ系トレカ/ノーマル/NARUTO　疾風伝　CARDGAME　忍伝-012[ノーマル]：由良
GL124373	忍伝-015	アニメ系トレカ/レア/NARUTO　疾風伝　CARDGAME　忍伝-015[レア]：うちはサスケ
GL124374	忍伝-019	忍伝-019[ノーマル]：ロック・リー
GL124375	忍伝-020	アニメ系トレカ/ノーマル/NARUTO　疾風伝　CARDGAME　忍伝-020[ノーマル]：テンテン
GL124376	忍伝-021	アニメ系トレカ/ノーマル/NARUTO　疾風伝　CARDGAME　忍伝-021[ノーマル]：日向ネジ
GL124377	忍伝-024	忍伝-024[ノーマル]：赤丸
GL124378	忍伝-029	忍伝-029[ノーマル]：みたらしアンコ
GL124379	忍伝-034	アニメ系トレカ/ノーマル/NARUTO　疾風伝　CARDGAME　忍伝-034[ノーマル]：桃地再不斬
GL124380	忍伝-035	アニメ系トレカ/ノーマル/NARUTO　疾風伝　CARDGAME　忍伝-035[ノーマル]：君麻呂
GL124381	忍伝-045	忍伝-045[ノーマル]：うみのイルカ
GL124382	忍伝-051	アニメ系トレカ/スーパーレア/NARUTO　疾風伝　CARDGAME　忍伝-051[スーパーレア]：マイト・ガイ
GL124383	忍伝-060	アニメ系トレカ/シークレットレア/NARUTO　疾風伝　CARDGAME　忍伝-060[シークレットレア]：うちはサスケ＆大蛇丸
GL124384	忍伝-064	忍伝-064[ノーマル]：エビゾウ
GL124385	忍伝-075	忍伝-075[レア]：うずまきナルト＆紫苑
GL124386	忍伝-079	忍伝-079[レア]：犬塚キバ
GL124387	忍伝-080	忍伝-080[レア]：油女シノ
GL124388	忍伝-081	忍伝-081[レア]：日向ヒナタ
GL124389	忍伝-082	忍伝-082[レア]：山中いの
GL124390	忍伝-083	忍伝-083[レア]：秋道チョウジ
GL124391	忍伝-084	アニメ系トレカ/ノーマル/NARUTO　疾風伝　CARDGAME　忍伝-084[ノーマル]：テウチ
GL124392	忍伝-085	アニメ系トレカ/ノーマル/NARUTO　疾風伝　CARDGAME　忍伝-085[ノーマル]：はがねコテツ
GL124393	忍伝-086	アニメ系トレカ/ノーマル/NARUTO　疾風伝　CARDGAME　忍伝-086[ノーマル]：神月イズモ
GL124394	忍伝-087	忍伝-087[ノーマル]：鬼童丸
GL124395	忍伝-088	忍伝-088[ノーマル]：次郎坊
GL124396	忍伝-089	忍伝-089[ノーマル]：左近
GL124397	忍伝-090	忍伝-090[ノーマル]：多由也（Bランク）
GL124398	忍伝-091	アニメ系トレカ/ノーマル/NARUTO　疾風伝　CARDGAME　忍伝-091[ノーマル]：タカ丸
GL124399	忍伝-093	忍伝-093[ノーマル]：父と母
GL124400	忍伝-095	アニメ系トレカ/スーパーレア/NARUTO　疾風伝　CARDGAME　忍伝-095[スーパーレア]：サソリ
GL124401	忍伝-096	アニメ系トレカ/ノーマル/NARUTO　疾風伝　CARDGAME　忍伝-096[ノーマル]：三代目風影
GL124402	忍伝-097	忍伝-097[ノーマル]：紫苑（Bランク）
GL124403	忍伝-098	アニメ系トレカ/ノーマル/NARUTO　疾風伝　CARDGAME　忍伝-098[ノーマル]：足穂
GL124404	忍伝-099	忍伝-099[ノーマル]：黄泉
GL124405	忍伝-121	アニメ系トレカ/レア/NARUTO　疾風伝　CARDGAME　忍伝-121[レア]：うずまきナルト
GL124406	忍伝-122	アニメ系トレカ/レア/NARUTO　疾風伝　CARDGAME　忍伝-122[レア]：春野さくら
GL124407	忍伝-123	アニメ系トレカ/ウルトラレア/NARUTO　疾風伝　CARDGAME　忍伝-123[ウルトラレア]：サイ
GL124408	忍伝-124	忍伝-124[ノーマル]：山中いの
GL124409	忍伝-125	忍伝-125[ノーマル]：奈良シカマル
GL124410	忍伝-126	忍伝-126[ノーマル]：秋道チョウジ
GL124411	忍伝-129	アニメ系トレカ/レア/NARUTO　疾風伝　CARDGAME　忍伝-129[レア]：ダンゾウ
GL124412	忍伝-130	アニメ系トレカ/レア/NARUTO　疾風伝　CARDGAME　忍伝-130[レア]：チヨ
GL124413	忍伝-131	忍伝-131[ノーマル]：マツリ
GL124414	忍伝-132	忍伝-132[ノーマル]：ミコシ
GL124415	忍伝-134	忍伝-134[ノーマル]：サソリ
GL124416	忍伝-137	アニメ系トレカ/レア/NARUTO　疾風伝　CARDGAME　忍伝-137[レア]：紫苑
GL124417	忍伝-138	忍伝-138[ノーマル]：ミロク
GL124418	忍伝-139	アニメ系トレカ/ノーマル/NARUTO　疾風伝　CARDGAME　忍伝-139[ノーマル]：ススキ
GL124419	忍伝-140	忍伝-140[ノーマル]：クスナ
GL124420	忍伝-141	忍伝-141[ノーマル]：シズク
GL124421	忍伝-142	忍伝-142[ノーマル]：セツナ
GL124422	忍伝-143	忍伝-143[ノーマル]：ギタイ
GL124423	忍伝-147	アニメ系トレカ/ウルトラレア/NARUTO　疾風伝　CARDGAME　忍伝-147[ウルトラレア]：うちはサスケ
GL124424	忍伝-148	アニメ系トレカ/レア/NARUTO　疾風伝　CARDGAME　忍伝-148[レア]：サイ
GL124425	忍伝-151	アニメ系トレカ/ノーマル/NARUTO　疾風伝　CARDGAME　忍伝-151[ノーマル]：犬塚キバ
GL124426	忍伝-152	忍伝-152[ノーマル]：油女シノ
GL124427	忍伝-153	アニメ系トレカ/ノーマル/NARUTO　疾風伝　CARDGAME　忍伝-153[ノーマル]：日向ヒナタ
GL124428	忍伝-154	アニメ系トレカ/ノーマル/NARUTO　疾風伝　CARDGAME　忍伝-154[ノーマル]：日向ヒアシ
GL124429	忍伝-155	忍伝-155[ノーマル]：暗部
GL124430	忍伝-156	アニメ系トレカ/ノーマル/NARUTO　疾風伝　CARDGAME　忍伝-156[ノーマル]：赤丸
GL124431	忍伝-157	忍伝-157[ノーマル]：水戸門ホムラ
GL124432	忍伝-158	忍伝-158[ノーマル]：うたたねコハル
GL124433	忍伝-159	忍伝-159[ノーマル]：温泉ギャル
GL124434	忍伝-160	アニメ系トレカ/レア/NARUTO　疾風伝　CARDGAME　忍伝-160[レア]：我愛羅
GL124435	忍伝-161	忍伝-161[ノーマル]：カンクロウ
GL124436	忍伝-162	アニメ系トレカ/ノーマル/NARUTO　疾風伝　CARDGAME　忍伝-162[ノーマル]：山椒魚
GL124437	忍伝-163	忍伝-163[ノーマル]：エビゾウ
GL124438	忍伝-164	アニメ系トレカ/レア/NARUTO　疾風伝　CARDGAME　忍伝-164[レア]：サソリ
GL124439	忍伝-165	忍伝-165[レア]：デイダラ（Bランク）
GL124440	忍伝-166	忍伝-166[レア]：大蛇丸
GL124441	忍伝-167	忍伝-167[レア]：薬師カブト
GL124442	忍伝-171	忍伝-171[ノーマル]：サイ
GL124443	忍伝-172	忍伝-172[レア]：春野さくら
GL124444	忍伝-173	アニメ系トレカ/レア/NARUTO　疾風伝　CARDGAME　忍伝-173[レア]：サソリ
GL124445	忍伝-174	アニメ系トレカ/ノーマル/NARUTO　疾風伝　CARDGAME　忍伝-174[ノーマル]：奈良シカマル
GL124446	忍伝-175	忍伝-175[レア]：はたけカカシ
GL124447	忍伝-176	アニメ系トレカ/レア/NARUTO　疾風伝　CARDGAME　忍伝-176[レア]：うちはイタチ
GL124448	忍伝-177	アニメ系トレカ/ノーマル/NARUTO　疾風伝　CARDGAME　忍伝-177[ノーマル]：ヤマト
GL124449	忍伝-178	忍伝-178[ノーマル]：マイト・ガイ
GL124450	忍伝-179	アニメ系トレカ/ノーマル/NARUTO　疾風伝　CARDGAME　忍伝-179[ノーマル]：干柿鬼鮫
GL124451	忍伝-180	アニメ系トレカ/ノーマル/NARUTO　疾風伝　CARDGAME　忍伝-180[ノーマル]：ゼツ
GL124452	忍伝-181	アニメ系トレカ/レア/NARUTO　疾風伝　CARDGAME　忍伝-181[レア]：デイダラ
GL124453	忍伝-182	アニメ系トレカ/レア/NARUTO　疾風伝　CARDGAME　忍伝-182[レア]：我愛羅
GL124454	忍伝-183	忍伝-183：トビ
GL124455	忍伝-184	アニメ系トレカ/NARUTO　疾風伝　CARDGAME　忍伝-184：バキ
GL124456	忍伝-185	アニメ系トレカ/NARUTO　疾風伝　CARDGAME　忍伝-185：テマリ
GL124457	忍伝-186	忍伝-186：薬師カブト
GL124458	忍伝-189	忍伝-189[レア]：大蛇丸
GL124459	忍伝-190	忍伝-190：木ノ葉丸
GL124460	作伝-004	作伝-004[ノーマル]：危険な侵入者
GL124461	作伝-007	アニメ系トレカ/ノーマル/NARUTO　疾風伝　CARDGAME　作伝-007[ノーマル]：ブチギレ
GL124462	作伝-008	作伝-008[レア]：新たな里長
GL124463	作伝-009	作伝-009[ノーマル]：円卓会議
GL124464	作伝-020	作伝-020[ノーマル]：迷子ペット‘‘トラ’’捕獲任務
GL124465	作伝-021	作伝-021[ノーマル]：宝くじ
GL124466	作伝-022	作伝-022[ノーマル]：ノルマクリア
GL124467	作伝-023	作伝-023[ノーマル]：時間稼ぎ
GL124468	作伝-024	作伝-024[ノーマル]：因縁の傀儡
GL124469	作伝-025	作伝-025[ノーマル]：他国の排除
GL124470	作伝-026	作伝-026[ノーマル]：トリ頭
GL124471	作伝-027	作伝-027[ノーマル]：カラクリの露呈
GL124472	作伝-028	アニメ系トレカ/レア/NARUTO　疾風伝　CARDGAME　作伝-028[レア]：時を越える
GL124473	作伝-029	アニメ系トレカ/レア/NARUTO　疾風伝　CARDGAME　作伝-029[レア]：変わりし運命
GL124474	作伝-030	アニメ系トレカ/ノーマル/NARUTO　疾風伝　CARDGAME　作伝-030[ノーマル]：致命傷
GL124475	作伝-031	アニメ系トレカ/レア/NARUTO　疾風伝　CARDGAME　作伝-031[レア]：準備開始
GL124476	作伝-032	作伝-032[ノーマル]：封印の巫女
GL124477	作伝-033	作伝-033[ノーマル]：捜索隊
GL124478	作伝-034	作伝-034[ノーマル]：医療忍者の鉄則
GL124479	作伝-035	作伝-035[ノーマル]：臨時小隊
GL124480	作伝-036	アニメ系トレカ/ノーマル/NARUTO　疾風伝　CARDGAME　作伝-036[ノーマル]：競争
GL124481	作伝-037	アニメ系トレカ/レア/NARUTO　疾風伝　CARDGAME　作伝-037[レア]：思わぬ再会
GL124482	作伝-038	作伝-038[ノーマル]：謎の襲撃者
GL124483	作伝-039	アニメ系トレカ/ノーマル/NARUTO　疾風伝　CARDGAME　作伝-039[ノーマル]：力試し
GL124484	作伝-040	アニメ系トレカ/レア/NARUTO　疾風伝　CARDGAME　作伝-040[レア]：内輪揉め
GL124485	作伝-041	アニメ系トレカ/ノーマル/NARUTO　疾風伝　CARDGAME　作伝-041[ノーマル]：木ノ葉病院
GL124486	作伝-042	作伝-042[ノーマル]：冷やかな視線
GL124487	作伝-043	アニメ系トレカ/レア/NARUTO　疾風伝　CARDGAME　作伝-043[レア]：裸の付き合い
GL124488	作伝-044	アニメ系トレカ/レア/NARUTO　疾風伝　CARDGAME　作伝-044[レア]：木ノ葉学園
GL124489	作伝-045	アニメ系トレカ/ノーマル/NARUTO　疾風伝　CARDGAME　作伝-045[ノーマル]：再会・・・!
GL124490	作伝-046	作伝-046[ノーマル]：パイプ役
GL124491	作伝-047	アニメ系トレカ/ノーマル/NARUTO　疾風伝　CARDGAME　作伝-047[ノーマル]：目的の為に
GL124492	作伝-048	アニメ系トレカ/ノーマル/NARUTO　疾風伝　CARDGAME　作伝-048[ノーマル]：復讐の対象
GL124493	作伝-049	作伝-049[レア]：ある夏の日
GL124494	作伝-050	アニメ系トレカ/ノーマル/NARUTO　疾風伝　CARDGAME　作伝-050[ノーマル]：さりげない一言
GL124495	作伝-051	作伝-051[ノーマル]：ハラペコ
GL124496	術伝-001	アニメ系トレカ/ノーマル/NARUTO　疾風伝　CARDGAME　術伝-001[ノーマル]：クナイ
GL124497	術伝-002	アニメ系トレカ/ノーマル/NARUTO　疾風伝　CARDGAME　術伝-002[ノーマル]：おいろけの術
GL124498	術伝-005	アニメ系トレカ/スーパーレア/NARUTO　疾風伝　CARDGAME　術伝-005[スーパーレア]：口寄せの術
GL124499	術伝-007	アニメ系トレカ/ノーマル/NARUTO　疾風伝　CARDGAME　術伝-007[ノーマル]：イチャイチャタクティクス
GL124500	術伝-009	アニメ系トレカ/ノーマル/NARUTO　疾風伝　CARDGAME　術伝-009[ノーマル]：通牙
GL124501	術伝-010	アニメ系トレカ/レア/NARUTO　疾風伝　CARDGAME　術伝-010[レア]：火遁・豪火球の術
GL124502	術伝-011	アニメ系トレカ/ノーマル/NARUTO　疾風伝　CARDGAME　術伝-011[ノーマル]：洗脳術
GL124503	術伝-012	術伝-012[ノーマル]：霧隠れの術
GL124504	術伝-013	アニメ系トレカ/ノーマル/NARUTO　疾風伝　CARDGAME　術伝-013[ノーマル]：呪印術
GL124505	術伝-014	術伝-014[レア]：魔鏡氷晶
GL124506	術伝-016	アニメ系トレカ/レア/NARUTO　疾風伝　CARDGAME　術伝-016[レア]：豪腕
GL124507	術伝-019	術伝-019[ノーマル]：砂の盾
GL124508	術伝-020	術伝-020[ノーマル]：チャクラコントロール
GL124509	術伝-024	アニメ系トレカ/レア/NARUTO　疾風伝　CARDGAME　術伝-024[レア]：白眼
GL124510	術伝-032	術伝-032[ノーマル]：任務ファイル
GL124511	術伝-034	アニメ系トレカ/ノーマル/NARUTO　疾風伝　CARDGAME　術伝-034[ノーマル]：起爆粘度・鳥型
GL124512	術伝-049	アニメ系トレカ/ノーマル/NARUTO　疾風伝　CARDGAME　術伝-049[ノーマル]：チャクラ放出
GL124513	術伝-052	術伝-052[ノーマル]：無線
GL124514	術伝-053	術伝-053[ノーマル]：千年殺し
GL124515	術伝-054	術伝-054[ノーマル]：武器奪取
GL124516	術伝-055	術伝-055[ノーマル]：大型手裏剣
GL124517	術伝-057	術伝-057[ノーマル]：コピー忍術
GL124518	術伝-058	術伝-058[ノーマル]：鏡写しの罠
GL124519	術伝-059	術伝-059[レア]：ボタンフックエントリー
GL124520	術伝-060	術伝-060[ノーマル]：起爆粘度・ムカデ型
GL124521	術伝-062	術伝-062[ノーマル]：監視
GL124522	術伝-063	術伝-063[ノーマル]：水遁・五食鮫
GL124523	術伝-064	術伝-064[レア]：五封結界
GL124524	術伝-065	術伝-065[レア]：封印術・幻龍九封尽
GL124525	術伝-066	術伝-066[ノーマル]：床子弩
GL124526	術伝-067	術伝-067[ノーマル]：操襲刃
GL124527	術伝-068	術伝-068[レア]：医療忍術
GL124528	術伝-069	術伝-069[レア]：砂鉄時雨
GL124529	術伝-071	術伝-071[ノーマル]：人体操作
GL124530	術伝-072	術伝-072[レア]：仕込みカラクリ
GL124531	術伝-073	術伝-073[ノーマル]：チャクラの盾
GL124532	術伝-074	術伝-074[ノーマル]：毒煙
GL124533	術伝-075	アニメ系トレカ/ノーマル/NARUTO　疾風伝　CARDGAME　術伝-075[ノーマル]：九尾封印
GL124534	術伝-078	術伝-078[ノーマル]：木ノ葉旋風
GL124535	術伝-079	アニメ系トレカ/ノーマル/NARUTO　疾風伝　CARDGAME　術伝-079[ノーマル]：巫女の鈴
GL124536	術伝-080	術伝-080[ノーマル]：超コレでボーン
GL124537	術伝-081	術伝-081[ノーマル]：裏蓮華
GL124538	術伝-083	術伝-083[ノーマル]：影鏡身転の法
GL124539	術伝-084	術伝-084[ノーマル]：瞬身の術
GL124540	術伝-086	術伝-086[ノーマル]：火遁・鳳仙火の術
GL124541	術伝-087	術伝-087[レア]：自爆分身
GL124542	術伝-088	術伝-088[ノーマル]：異形変化
GL124543	術伝-089	術伝-089[ノーマル]：水遁・水上切
GL124544	術伝-090	術伝-090[ノーマル]：連携忍術
GL124545	術伝-091	アニメ系トレカ/ノーマル/NARUTO　疾風伝　CARDGAME　術伝-091[ノーマル]：麻酔施術
GL124546	術伝-092	術伝-092[ノーマル]：水遁・水鮫弾の術
GL124547	術伝-093	術伝-093[ノーマル]：起爆クナイ
GL124548	術伝-094	術伝-094[ノーマル]：傀儡封印
GL124549	術伝-095	術伝-095[ノーマル]：風遁・回転手裏剣
GL124550	術伝-096	術伝-096[ノーマル]：火炎放射
GL124551	術伝-097	アニメ系トレカ/レア/NARUTO　疾風伝　CARDGAME　術伝-097[レア]：白秘技・十機近松の集
GL124552	術伝-098	術伝-098[ノーマル]：土遁・硬化術
GL124553	術伝-099	術伝-099[ノーマル]：部分倍加の術
GL124554	術伝-100	術伝-100[ノーマル]：影縫い
GL124555	術伝-101	術伝-101[レア]：転生忍術
GL124556	術伝-103	アニメ系トレカ/ノーマル/NARUTO　疾風伝　CARDGAME　術伝-103[ノーマル]：青春フルパワー!
GL124557	術伝-104	アニメ系トレカ/ノーマル/NARUTO　疾風伝　CARDGAME　術伝-104[ノーマル]：メンバー探し
GL124558	術伝-105	アニメ系トレカ/レア/NARUTO　疾風伝　CARDGAME　術伝-105[レア]：妖狐の衣
GL124559	術伝-106	アニメ系トレカ/ノーマル/NARUTO　疾風伝　CARDGAME　術伝-106[ノーマル]：木ノ葉大旋光
GL124560	術伝-108	アニメ系トレカ/ノーマル/NARUTO　疾風伝　CARDGAME　術伝-108[ノーマル]：絵本
GL124561	術伝-109	術伝-109[ノーマル]：作り笑い
GL124562	術伝-110	アニメ系トレカ/ノーマル/NARUTO　疾風伝　CARDGAME　術伝-110[ノーマル]：悪口雑言
GL124563	術伝-111	術伝-111[ノーマル]：超獣偽画・鷹
GL124564	術伝-112	術伝-112[ノーマル]：超獣偽画・蛇
GL124565	術伝-113	術伝-113[ノーマル]：極秘指令書
GL124566	術伝-114	アニメ系トレカ/レア/NARUTO　疾風伝　CARDGAME　術伝-114[レア]：草薙の剣
GL124567	術伝-115	アニメ系トレカ/ノーマル/NARUTO　疾風伝　CARDGAME　術伝-115[ノーマル]：潜影多蛇手
GL124568	術伝-116	術伝-116[ノーマル]：三重羅生門
GL124569	術伝-117	アニメ系トレカ/スーパーレア/NARUTO　疾風伝　CARDGAME　術伝-117[スーパーレア]：千鳥流し
GL124570	術伝-118	アニメ系トレカ/ノーマル/NARUTO　疾風伝　CARDGAME　術伝-118[ノーマル]：バディシステム
GL124571	術伝-119	術伝-119[ノーマル]：鎖鎌
GL124572	術伝-121	術伝-121[ノーマル]：操具・天鎖災
GL124573	術伝-122	術伝-122[ノーマル]：黒秘技・危機一髪
GL124574	術伝-123	術伝-123[ノーマル]：解毒薬
GL124575	術伝-124	術伝-124[ノーマル]：火影式耳順術・廓庵入?垂手
GL124576	術伝-125	術伝-125[ノーマル]：八卦破山撃
GL124577	術伝-126	術伝-126[ノーマル]：木遁・木錠壁
GL124578	術伝-127	アニメ系トレカ/レア/NARUTO　疾風伝　CARDGAME　術伝-127[レア]：木遁・四柱家
GL124579	術伝-128	アニメ系トレカ/ノーマル/NARUTO　疾風伝　CARDGAME　術伝-128[ノーマル]：模擬戦闘訓練
GL124580	術伝-129	術伝-129[ノーマル]：トンファー
GL124581	術伝-130	術伝-130[ノーマル]：ダイナミック・アクション
GL124582	術伝-131	アニメ系トレカ/レア/NARUTO　疾風伝　CARDGAME　術伝-131[レア]：螺旋丸
GL124583	術伝-133	術伝-133[ノーマル]：尾行
GL124584	術伝-134	術伝-134[ノーマル]：瞬時の拘束
GL124585	術伝-135	アニメ系トレカ/レア/NARUTO　疾風伝　CARDGAME　術伝-135[レア]：写輪眼
GL124586	術伝-136	術伝-136[ノーマル]：火遁・豪火球の術
GL124587	術伝-138	アニメ系トレカ/ノーマル/NARUTO　疾風伝　CARDGAME　術伝-138[ノーマル]：構成員リスト
GL124588	術伝-139	術伝-139[ノーマル]：偽の死体
GL124589	術伝-140	術伝-140[レア]：草薙の剣
GL124590	術伝-142	術伝-142[ノーマル]：脱皮
GL124591	術伝-144	アニメ系トレカ/ノーマル/NARUTO　疾風伝　CARDGAME　術伝-144[ノーマル]：掌仙術
GL124592	術伝-145	術伝-145[ノーマル]：砂の腕
GL124593	術伝-146	術伝-146[ノーマル]：砂の大盾
GL124594	術伝-147	術伝-147[ノーマル]：痛天脚
GL124595	術伝-148	術伝-148[ノーマル]：火影の首飾り
GL124596	術伝-149	アニメ系トレカ/ノーマル/NARUTO　疾風伝　CARDGAME　術伝-149[ノーマル]：チャクラ糸
GL124597	術伝-150	術伝-150[ノーマル]：発信機
GL124598	術伝-151	術伝-151[ノーマル]：木分身の術
GL124599	術伝-152	術伝-152[ノーマル]：木遁・四柱牢
GN663724	忍伝-16	忍伝-165[レア]：デイダラ（Bランク）
GU362430	忍伝-107	忍伝-107
GU362431	忍伝-108	忍伝-108
GU362432	忍伝-115	NARUTO 疾風伝 CARDGAME 忍伝-115[レア]：我愛羅
GU362433	忍伝-学002	忍伝-学002[ノーマル]：ガマ吉
GU362434	忍伝-学005	忍伝-学005[ノーマル]：卯月夕顔
GU362435	忍伝-学006	忍伝-学006[ノーマル]：四代目火影
GU362436	忍伝-学007	忍伝-学007[ノーマル]：ガマブン太
GU362437	忍伝-学014	忍伝-学014[ノーマル]：三代目火影
GU362438	忍伝-学025	忍伝-学025[ノーマル]：カンクロウ
GU362439	忍伝-学026	忍伝-学026[ノーマル]：テマリ
GU362440	忍伝-学028	忍伝-学028[ノーマル]：夕日紅
GU362441	忍伝-学030	忍伝-学030[ノーマル]：奈良シカマル
GU362442	忍伝-学033	忍伝-学033[ノーマル]：奈良シカク
GU362443	忍伝-学038	忍伝-学038[ノーマル]：油女シノ
GU362444	忍伝-学040	忍伝-学040[ノーマル]：木ノ葉丸
GL124614	PR作伝-5	PR作伝-5[プロモーショカード]：究極連係
GL124615	PR忍伝-6	PR忍伝-6[プロモーショカード]：うちはサスケ
