GL410631	忍-85
GL637080	術-197
GL238779	作-248
GL386454	作-157
GL406666	作-153
GL410606	術-55
GL759370	術-167
GL636859	術-38
GL636888	術-56
GL406774	術-230
GL410601	作-59
GL637146	作-236
GN431420	作-304
GL637091	作-200
GL636892	作-50
GL636826	術-15
GL636984	術-133
GL124315	作-43
GL636840	作-22
GL194236	術-161
GL406745	術-124
GL637150	作-242
GL637165	術-256
GN510743	作-210
GL406787	術-250
GL636868	作-38
GL406693	作-226
GL124361	術-72
GL636853	術-27
GL406743	術-114
GL406721	術-12
GL636847	忍-34
GL194233	作-231
GL637066	作-189
GL406696	作-229
GL410620	術-82
GL637021	術-160
GL636905	術-81
GL124340	作-223
GL362901	術-123
GL637132	術-232
GL406699	作-232
GL406679	作-194
GL636828	術-18
GL637065	作-186
GL637029	作-168
GL406668	作-159
GU112664	術-309
GL406763	術-203
GL636971	作-124
GL636932	術-99
GL734886	術-26
GL124359	術-70
GL591794	術-155
GL406697	作-229
GL751906	術-114
GL636985	術-134
GL591789	術-77
GL591785	術-98
GL636911	作-81
GL406651	作-76
GN431412	術-10
GL406705	作-244
GL406690	作-220
GL637176	術-266
GL406652	作-79
GL124368	術-217
GL406759	術-196
GL406782	術-241
GL636858	術-37
GL637139	術-243
GL636931	術-97
GL406773	術-229
GL637014	術-147
GL636882	術-45
GL636935	作-85
GU112663	作-302
GL406841	忍-207
GL636987	術-138
GU520951	術-170
GL637169	術-261
GL636903	術-69
GL406753	術-173
GL406762	術-203
GL636962	術-118
GL591790	術-119
GL636993	作-133
GL637142	術-246
GL406752	術-162
GL637002	作-150
GL637081	術-198
GL406744	術-123
GL637019	術-154
GN431414	術-185
GL636989	術-140
GL636929	術-94
GL636977	依-14
GL636930	術-96
GL406785	術-247
GL637115	術-232
GL406675	作-187
GL637020	術-157
GL406698	作-230
GL637188	作-258
GL636854	術-28
GL636856	術-32
GL637187	作-255
GL636825	術-11
GL636829	術-23
GL636830	術-24
GL636827	術-16
GL406751	術-161
GL637050	術-181
GL636904	術-80
GL636991	術-142
GL636960	術-115
GL406734	術-83
GL410624	忍-70
GL637147	作-237
GL637148	作-237
GL637033	忍-189
GL636867	作-36
GL636864	作-29
GL636869	作-39
GL637103	忍-246
GL636820	術-1
GL637067	依-26
GL756466	忍-8
GL406669	作-162
GL637090	作-199
GL636866	作-34
GL637106	術-216
GL406667	作-156
GL406859	忍-243
GL637149	作-238
GL124317	作-48
GL194237	忍-5
GL406664	作-137
GL637166	術-257
GL637060	作-175
GL637059	作-174
GL636906	術-84
GL636923	忍-104
GL406869	忍-291
GL406708	作-250
GL591801	忍-139
GL636812	忍-6
GL406786	術-249
GN431406	忍-261
GL406685	作-206
GL734889	作-51
GL759360	忍-99
GL406641	作-23
GL636978	忍-142
GN431394	忍-103
GL194239	忍-125
GL636885	術-50
GL636891	作-49
GL637005	依-17
GL637089	術-207
GL406862	忍-248
GL637031	依-19
GL637056	術-187
GL406683	作-198
GL637006	忍-156
GN510742	忍-226
GL637151	作-243
GL636890	作-46
GL756476	忍-328
GL406823	忍-91
GL406822	忍-90
GL406688	作-217
GL406886	依-33
GL637040	忍-197
GL194232	作-164
GL637017	術-152
GL406850	忍-231
GL591791	術-136
GG329080	忍-126
GL406656	作-103
GL636983	術-132
GL636965	術-125
GL636941	作-95
GL636863	作-28
GL406727	術-67
G8645952	忍-135
GL637130	忍-272
GL637061	作-176
GL406738	術-93
GL637116	作-225
GL637197	依-36
GL406732	術-78
GL636970	作-123
GL636936	作-86
GL406680	作-195
GL637003	依-15
GL636979	忍-143
GL636917	忍-92
GL637177	術-267
GL406639	作-13
GN431395	忍-104
GL406857	忍-241
GL636927	術-90
GL637053	術-184
GL637108	術-219
GL636914	依-6
GN431393	忍-91
GL636915	依-7
GL406829	忍-124
GL637175	術-265
GL406723	術-46
GL637157	忍-296
GL637185	術-273
GL637131	忍-273
GL406819	忍-77
GL636946	作-104
GN431403	忍-209
GL636988	術-139
GL636855	術-31
GL406702	作-239
GL406835	忍-158
GL636973	作-127
GL406654	作-93
GL406883	依-2
GL406821	忍-89
GL406692	作-222
GL406764	術-208
GL406704	作-241
GL759358	忍-74
GL637000	作-147
GL406650	作-69
GL636948	依-8
GL636996	作-141
GL406729	術-74
GL637163	忍-302
GL406674	作-183
GL636900	忍-80
GL591797	依-13
GN431405	忍-260
GN510741	作-98
GL406682	作-197
GL751909	忍-121
GN431402	忍-190
GN431399	忍-182
GL636878	忍-54
GL406695	作-228
GL406846	忍-214
GL636912	作-84
GL406842	忍-208
GL637048	術-179
GL406677	作-192
GL637026	作-161
GU574286	術-51
GL406887	依-35
GL637192	作-266
GL636955	忍-132
GL636956	忍-133
GL636949	依-9
GL406863	忍-249
GL406665	作-149
GL637023	作-155
GL637114	術-227
GL637168	術-260
GL637070	忍-212
GN431407	忍-298
GL591803	忍-157
GL194241	忍-141
GL637041	忍-198
GL637039	忍-196
GL637064	作-185
GL636865	作-33
GL637063	作-184
GL637159	忍-298
GL636881	術-44
GL406884	依-3
GL406755	術-191
GL637167	術-258
GL636889	術-59
GL636920	忍-97
GL637120	依-31
GL591804	忍-165
GL637164	忍-303
GL124358	術-68
GL636957	忍-134
GN431392	忍-74
GL406818	忍-76
GL591795	術-158
GL637015	術-148
GL406756	術-193
GL406713	作-261
GL406777	術-235
GL637088	術-206
GL406772	術-228
GL406793	術-275
GL637094	作-203
GL637138	術-240
GL406792	術-274
GL637190	作-264
GL406644	作-40
GL406860	忍-245
GL636877	忍-53
GL637162	忍-301
GL637189	作-263
GN431418	作-295
GL637083	術-201
GL637071	忍-215
GL591796	依-10
GL637111	術-222
GN431411	依-12
GL636896	作-57
GL637196	依-34
GL637183	術-271
GL637113	術-226
GL637102	忍-244
GL637191	作-265
GL636939	作-91
GL636921	忍-99
GL406660	作-118
GL636944	作-100
GL406754	術-190
GL756463	依-37
GL637135	術-234
GL637086	術-204
GL124305	忍-260
GL406647	作-63
GL636899	忍-79
GL637160	忍-299
GL637058	術-189
GL636976	依-12
GL637161	忍-300
GL637152	作-247
GL637007	忍-159
GL406783	術-242
GL637119	依-30
GL637010	忍-169
GL636897	作-60
GL636898	忍-78
GL406873	忍-304
GL637098	依-28
GL636994	作-136
GL406681	作-196
GL636998	作-144
GL637027	作-165
GL636943	作-99
GL406765	術-209
GL637034	忍-190
GL406694	作-227
GL591799	忍-98
GL406736	術-88
GL637028	作-166
GL406815	忍-73
GL637082	術-200
GL637129	忍-271
GL406851	忍-232
GL637052	術-183
GL406816	忍-74
GL406826	忍-103
GL406684	作-201
GL636947	作-105
GL637008	忍-162
GL637051	術-182
GL637099	依-29
GL591810	作-167
GL406730	術-75
GL406768	術-221
GL636922	忍-102
GL124296	忍-68
GL636819	忍-23
GL636843	忍-29
GL636919	忍-96
GL406871	忍-293
GL636816	忍-15
GL636842	忍-28
GL809564	忍-83
GL809561	忍-250
GL636815	忍-14
GL609507	忍-22
GL636849	忍-36
GL410625	忍-71
GL410623	忍-69
GL637097	依-27
GL636969	作-122
GL636894	作-55
GL636910	作-77
GL636995	作-140
GL124331	作-151
GL406814	忍-55
GL637112	術-224
GL637087	術-205
GL636975	作-131
GL636968	作-120
GL636961	術-116
GL636945	作-101
GL636895	作-56
GL636997	作-142
GL636963	術-121
GL637001	作-148
GL636848	忍-35
GL406770	術-223
GL406714	作-262
GL609511	忍-200
GL637016	術-151
GL238785	術-210
GL734887	術-30
GL406827	忍-110
GL406810	忍-13
GL406825	忍-95
GL406855	忍-239
GL637121	忍-255
GL406875	忍-335
GL168516	忍-122
GL410626	忍-72
GN510739	忍-82
GL406760	術-199
GL637079	術-192
GL883146	忍-275
GL406836	忍-163
GL410635	術-159
GL637141	術-244
GL637134	術-233
GL406867	忍-269
GL406847	忍-216
GN255947	術-262
GL637101	忍-238
GL406839	忍-193
GL609510	忍-111
GL410633	忍-107
GL410637	忍-161
GL406648	作-64
GL410629	作-98
GL637133	術-233
GL410636	忍-160
GL637178	術-268
GL406761	術-199
GL636952	忍-121
G8645955	忍-147
GL637137	術-238
GL637180	術-269
GL194234	術-103
GL406866	忍-265
GU520954	作-113
GL637109	術-220
GL637136	術-238
GL406833	忍-149
GL406769	術-223
GL406832	忍-148
GL637018	術-153
GL406739	術-102
GU716127	忍-358
GL636887	術-52
GL406778	術-236
GU806932	忍-162
GL591808	作-128
GU716126	忍-356
GU716132	忍-384
GL637170	術-262
GL637171	術-262
GL410578	忍-20
GL406888	依-41
GL406889	依-42
GL406890	騎-3
GL406891	騎-4
GL406892	騎-5
GL406893	騎-6
GL406894	騎-7
GL406895	騎-8
